Identifiant structure;Type identifiant;Raison Sociale;Niveau;Type Structure;Structure associee;Adresse de connexion_1;Mot de passe_1;Adresse de connexion_2;Mot de passe_2;Adresse de connexion_3;Mot de passe_3
SERVICE_DEST_EJ_OU_SERV_OBL;;;service;Publique;12345678200044
SERVICE_DEST_SERV_OBL;;;service;Publique;12345678200028
SFACETAT;;;service;Publique;11000201100044
12984129688128;SIRET;Destinataire 12984129688128;structure;Publique;;USER_PUBLIQUE_1_12984129688128@cpro.fr;6$qkedrhoxOmo;GEST_PUBLIQUE_1_12984129688128@cpro.fr;Txgufe~6wwwdx;USER_PUBLIQUE_ACHETEUR_1_12984129688128@cpro.fr;gmxf6Lldupz]p
29599757374341;SIRET;Destinataire 2 29599757374341;structure;Publique;;GEST_PUBLIQUE_3_29599757374341@cpro.fr;drvnhTn~k3nqj;USER_PUBLIQUE_3_29599757374341@cpro.fr;ralvbae2cfrB[;USER_PUBLIQUE_ACHETEUR_3_29599757374341@cpro.fr;hg4xtrsqEnrp@
12345678200036;SIRET;Destinataire avec EJ obligatoire;structure;Publique;
12345678200044;SIRET;Destinataire avec EJ ou service obligatoire;structure;Publique;
12345678200028;SIRET;Destinataire avec service obligatoire;structure;Publique;
11000201100044;SIRET;Destinataire Etat;structure;Publique;
12345678200051;SIRET;Destinataire sans paramètre;structure;Publique;
31371109886541;SIRET;Fournisseur 31371109886541;structure;Privée;313711098;GEST_PRIVE_SIRET_131371109886541@cpro.fr;0zDjyompbytd.;USER_PRIVE_3_31371109886541@cpro.fr;og_vzorj1Pldv
Acheteur;;Label_Acheteur_12984129688128;service;;12984129688128;USER_PUBLIQUE_ACHETEUR_1_12984129688128@cpro.fr;gmxf6Lldupz]p
Acheteur;;Label_Acheteur_29599757374341;service;;29599757374341;USER_PUBLIQUE_ACHETEUR_3_29599757374341@cpro.fr;hg4xtrsqEnrp@
Acheteur;;Label_Acheteur_66569496449688;service;;66569496449688;USER_PUBLIQUE_ACHETEUR_2_66569496449688@cpro.fr;hohItxf1ht(xp
SERVICE_PRIVE_1_15525720067335;;Label_SERVICE_PRIVE_1_15525720067335;service;;15525720067335;USER_PRIVE_1_15525720067335@cpro.fr;caFu[lqhv3ulw
SERVICE_PRIVE_1_23524238584679;;Label_SERVICE_PRIVE_1_23524238584679;service;;23524238584679;USER_PRIVE_2_23524238584679@cpro.fr;5wUclpn.rokhu
SERVICE_PRIVE_1_31371109886541;;Label_SERVICE_PRIVE_1_31371109886541;service;;31371109886541;USER_PRIVE_3_31371109886541@cpro.fr;og_vzorj1Pldv
SERVICE_PRIVE_1_45059908395370;;LABEL_SERVICE_PRIVE_1_45059908395370;service;;45059908395370;USER_PRIVE_SERVICE_1_45059908395370@cpro.fr;aq@Fycmeti5mx
SERVICE_PRIVE_1_45059908396379;;LABEL_SERVICE_PRIVE_1_45059908396379;service;;45059908396379;USER_PRIVE_SERVICE_1_45059908396379@cpro.fr;wnyu~xAqpa2vd
SERVICE_PRIVE_2_45059908395370;;LABEL_SERVICE_PRIVE_2_45059908395370;service;;45059908395370;USER_PRIVE_SERVICE_2_45059908395370@cpro.fr;(vzzyf9Zxbqbr
SERVICE_PRIVE_2_45059908396379;;LABEL_SERVICE_PRIVE_2_45059908396379;service;;45059908396379;USER_PRIVE_SERVICE_1_45059908396379@cpro.fr;wnyu~xAqpa2vd
SERVICE_PUBLIQUE_1_12984129688128;;Label_SERVICE_PUBLIQUE_1_12984129688128;service;;12984129688128
SERVICE_PUBLIQUE_2_66569496449688;;Label_SERVICE_PUBLIQUE_2_66569496449688;service;;66569496449688
SERVICE_PUBLIQUE_3_29599757374341;;Label_SERVICE_PUBLIQUE_3_29599757374341;service;;29599757374341
66569496449688;SIRET;MOA 66569496449688;structure;Publique;;GEST_PUBLIQUE_2_66569496449688@cpro.fr;l3vfug]sMuqan;USER_PUBLIQUE_2_66569496449688@cpro.fr;5vutoqDwc.biv;USER_PUBLIQUE_ACHETEUR_2_66569496449688@cpro.fr;hohItxf1ht(xp
15525720067335;SIRET;MOE 15525720067335;structure;Privée;155257200;GEST_PRIVE_SIRET_115525720067335@cpro.fr;Plihke)gh6pmx;USER_PRIVE_1_15525720067335@cpro.fr;caFu[lqhv3ulw
155257200;SIREN;SIREN_155257200;siren;Privée;
235242385;SIREN;SIREN_235242385;siren;Privée;
313711098;SIREN;SIREN_313711098;siren;Privée;
450599083;SIREN;SIREN_450599083;siren;Privée;
45059908395370;SIRET;SIRET_45059908395370;structure;Privée;450599083;USER_PRIVE_SERVICE_1_45059908395370@cpro.fr;aq@Fycmeti5mx;USER_PRIVE_SERVICE_2_45059908395370@cpro.fr;(vzzyf9Zxbqbr;GEST_PRIVE_SIRET_1_45059908395370@cpro.fr;tvho8yDd@stnb
45059908396379;SIRET;SIRET_45059908396379;structure;Privée;450599083;GEST_PRIVE_SIRET_1_45059908396379@cpro.fr;jmgpXigsfm)1h;USER_PRIVE_SERVICE_1_45059908396379@cpro.fr;wnyu~xAqpa2vd
23524238584679;SIRET;Valideur 23524238584679;structure;Privée;235242385;GEST_PRIVE_SIRET_123524238584679@cpro.fr;sm+pvdvk5ylqZ;USER_PRIVE_2_23524238584679@cpro.fr;5wUclpn.rokhu
